codigo de barras;categoria;subcategoria;nombre producto;sabor o descripcion;peso tamanio;fabrica;unidad;displey;caja;
7779600000000;GALLETAS;CRACKER;CRICK;AGUA;500g;SAN GABRIEL;1;;;
7773440000000;GALLETAS;CRACKER;JIRAFA;NORMAL;250g;CARSA;1;;;
7771220000000;GALLETAS;CRACKER;INTEGRAL;INTEGRAL;220g;FERRARI;1;;;
7779600000000;GALLETAS;CRACKER;CRICK;FIBRA;1kl;SAN GABRIEL;1;;;
7779600000000;GALLETAS;CRACKER;CRICK;AGUA;1kl;SAN GABRIEL;1;;;
7779600000000;GALLETAS;CRACKER;CRICK;AGUA;220g;SAN GABRIEL;1;6;;
7779600000000;GALLETAS;CRACKER;CRICK;FIBRA;500g;SAN GABRIEL;1;;;
7773400000000;GALLETAS;GALLETA;MORADITAS;SALADA;90g;FAGAL;1;;30;
7773400000000;GALLETAS;GALLETA;GAUCHITAS;AGUA;90g;FAGAL;1;;30;
7773400000000;GALLETAS;GALLETA;MARIA MAIZENA;MAIZENA;90g;FAGAL;1;;30;
7773400000000;GALLETAS;GALLETA;MARIA MAIZENA;CHOCOLATE;90g;FAGAL;1;;30;
7773440000000;GALLETAS;GALLETA;SUPER DORADITAS;CLASICA;110g;CARSA;1;;15;
7773440000000;GALLETAS;GALLETA;SUPER DORADIDAS;MANTEQUILLA;110g;CARSA;1;;15;
7773440000000;GALLETAS;GALLETA;DORADITAS;AGUA;60g;CARSA;1;;30;
7773440000000;GALLETAS;GALLETA;MARIA DORIS;ORIGINAL;40g;CARSA;1;;30;
7773440000000;GALLETAS;GALLETA;CRACKER DORITA;AGUA;40g;CARSA;1;;30;
7773440000000;GALLETAS;GALLETA;MARIA DORIS;CHOCOLATE;40g;CARSA;1;;30;
;GALLETAS;GALLETA MEDIANA;DULCE MARIA;DULCE;50g;MARIEL;1;;30;
;GALLETAS;GALLETA ESCOLAR;DINO;DULCE;25g;SAN GABRIEL;1;;60;
7772620000000;GALLETAS;GALLETA ESCOLAR;SNACK SALADITA;SALADA;21g;LA SUPREMA;1;;60;
7772620000000;GALLETAS;GALLETA ESCOLAR;ULA ULA;CHOCOLATE;21g;LA SUPREMA;1;;60;
7772620000000;GALLETAS;GALLETA ESCOLAR;SNACK ANIMALES;DULCE;21g;LA SUPREMA;1;;60;
7772620000000;GALLETAS;GALLETA ESCOLAR;ULA ULA;COCO;21g;LA SUPREMA;1;;60;
7772620000000;GALLETAS;GALLETA ESCOLAR;ULA ULA;LECHE;21g;LA SUPREMA;1;;60;
;GALLETAS;GALLETA ESCOLAR;MINI CRACKER;SALADA;25g;GUSTOSSI;1;;60;
7773440000000;GALLETAS;GALLETA RELLENA;CRICKS;LECHE CHOCOLATE FRUTILLA;50g;CARSA;1;6;6;
7772620000000;GALLETAS;WAFER;WAFS;CHOCOLATE;30g;LA SUPREMA;1;;30;
7772620000000;GALLETAS;WAFER;WAFS;LINOM;30g;LA SUPREMA;1;;30;
7772620000000;GALLETAS;WAFER;WAFS;FRUTILLA;30g;LA SUPREMA;1;;30;
;GALLETAS;WAFER;WAFS;VAINILLA;30g;LA SUPREMA;1;;30;
7772620000000;GALLETAS;WAFER;WAFS;CHOCOLATE;100g;LA SUPREMA;1;;30;
7772620000000;GALLETAS;WAFER;WAFS;VAINILLA;100g;LA SUPREMA;1;;30;
;GALLETAS;WAFER;WAFS;LIMON;100g;LA SUPREMA;1;;30;
;GALLETAS;WAFER;WAFS;FRUTILLA;100g;LA SUPREMA;1;;30;
7773400000000;GALLETAS;WAFER;WAFER MABELS;CHOCOLATE;107g;FAGAL;1;;30;
7773400000000;GALLETAS;WAFER;WAFER MABELS;DULCE DE LECHE;107g;FAGAL;1;;30;
7773400000000;GALLETAS;WAFER;WAFER MABELS;COCO;107g;FAGAL;1;;30;
7773400000000;GALLETAS;WAFER;WAFER MABELS;FRUTILLA;107g;FAGAL;1;;30;
7773400000000;GALLETAS;WAFER;WAFER MABELS;LIMON;107g;FAGAL;1;;30;
7773400000000;GALLETAS;WAFER;WAFER MABELS;CHOCOLATE;42g;FAGAL;1;;30;
7773400000000;GALLETAS;WAFER;WAFER MABELS;DULCE DE LECHE;42g;FAGAL;1;;30;
7773400000000;GALLETAS;WAFER;WAFER MABELS;VAINILLA;42g;FAGAL;1;;30;
7773400000000;GALLETAS;WAFER;WAFER MABELS;FRUTILLA;42g;FAGAL;1;;30;
7773400000000;GALLETAS;WAFER;WAFER MABELS;LIMON;42g;FAGAL;1;;30;
7773400000000;GALLETAS;WAFER;WAFER MABELS;COCO;42g;FAGAL;1;;30;
7779600000000;GALLETAS;WAFER;WAFER DADITOS;CAPUCHINO;40g;CARSA;1;;30;
7779600000000;GALLETAS;WAFER;WAFER DADITOS;BROWNIE;40g;CARSA;1;;30;
;GALLETAS;WAFER;WAFY;CHOCOLATE;20g;CARSA;1;;60;
;GALLETAS;WAFER;WAFER FRUTILLITA;FRUTILLA;50g;MARIEL;1;;30;
;GALLETAS;WAFER;WAFER CHOCOLATE;CHOCOLATE;50g;MARIEL;1;;30;
7772910000000;GALLETAS;GALLETAS;GALLETITAS DULCES;VAINILLA;300 g;MARIEL;1;;24;
7896000000000;GALLETAS;GALLETAS;MARILAN;LECHE;300 g;MADISA;1;;30;
7896000000000;GALLETAS;GALLETAS;MARILAN;CHOCOLATE;300 g;MADISA;1;;30;
;GALLETAS;GALLETAS DULCES;COOKIS;COCO;360 g;SAN GABRIEL;1;;20;
;GALLETAS;GALLETAS DULCES;CORAZONADA;CANELA;360 g;SAN GABRIEL;1;;20;
;GALLETAS;GALLETAS DULCES;SURTIDAS DE LA ABUELA;SURTIDAS;360 g;SAN GABRIEL;1;;20;
7622200000000;GALLETAS;GALLETA;CLUB SOCIAL ;SALADAS;216 g;MONDELEZ;1;9;28;
7896000000000;GALLETAS;GALLETA;PIT STOP;SALADA;137 g;MADISA;1;6;30;
7622200000000;GALLETAS;GALLETA;CHOCO SODA;CHOCOLATE;216 g;MONDELEZ;1;6;24;
7773440000000;GALLETAS;GALLETA;GALLETICON ;AVELLANA CON CHOCOLATE;300 g;CARSA;1;6;30;
7778610000000;GALLETAS;GALLETA RELLENA;SUBLIME;CHOCOLATE RELLENA CON CREMA SABOR MANI;276 g;NESTLE;1;6;30;
7750170000000;GALLETAS;GALLETA;OREO;CHOCOLATE CON CREMA;216 g;MONDELEZ;1;6;28;
7702190000000;GALLETAS;GALLETA;CHOKIS;CHOCOLATE CON CHISPAS DE CHOCOLATE;222 g;CRUCIMEX;1;6;24;
7771220000000;GALLETAS;WAFER;RESERVADAS;CHIRIMOYA;;FERRARI;1;;60;
7773440000000;GALLETAS;GALLETA CON CHIPS;CHIP O CHIP;CHOCOLATE CON CHISPAS DE CHOCOLATE;32 g;CARSA;1;;30;
7773440000000;GALLETAS;GALLETA CON CHIPS;CHIP O CHIP;CON CHISPAS DE CHOCOLATE;32 g;CARSA;1;;30;
7773440000000;GALLETAS;GALLETA RELLENA;MINI CRICKS;LECHE;24 g;CARSA;1;;60;
7773440000000;GALLETAS;GALLETA RELLENA;MINI CRICKS;FRUTILLA;24 g;CARSA;1;;60;
7773440000000;GALLETAS;GALLETA RELLENA;MINI CRICKS;CHOCOLATE;24 g;CARSA;1;;60;
7802410000000;GALLETAS;OBLEA;KILATTE;RELLENA CON CHOCOLATE;22 g;FRUNA;1;20;12;
7802410000000;GALLETAS;OBLEA;KILOMBO;BANADA CON CHOCOLATE SABOR VAINILLA;42 g;FRUNA;1;20;6;
;GALLETAS;OBLEA;TURRON AREQUEPAY;MANI;15 g;;1;20;;
7795520000000;GALLETAS;OBLEA;TURRON DE MANI;VAINILLA Y NARANJA;25 g;PALMESANO;1;;50;
;GRAJEAS;GRAJEAS DECHOCOLATE;CHEF RICO RICO SNACKS;CHOCOLATE;12 g;IMPRAL;1;30;20;
;GRAJEAS;GRAJEAS DECHOCOLATE;MAGUISITA;CHOCOLATE;24 g;TIGRE;1;20;20;
;GRAJEAS;GRAJEAS DECHOCOLATE;TIGRE;CHOCOLATE;12 g;TIGRE;1;30;25;
;GRAJEAS;GRAJEAS DECHOCOLATE;PELADITA;CHOCOLATE;20 g;TROPICAL;1;30;25;
;GRAJEAS;GRAJEAS DECHOCOLATE;NEGRITA;CHOCOLATE;18 g;TROPICAL;1;30;25;
;GRAJEAS;GRAJEAS DECHOCOLATE;ALECITA;CHOCOLATE;20 g;EDYMAR;1;20;20;
;GRAJEAS;GRAJEAS DECHOCOLATE;CARLITA;CHOCOLATE;12 g;EDYMAR;1;30;25;
;GRAJEAS;GRAJEAS DECHOCOLATE;FILIPITO ;;;CEIBO;;;;
;GRAJEAS;GRAJEAS DECHOCOLATE;FILIPITO ;;;CEIBO;;;;
;PIPOCAS;CHISITO;CHEESE TWIST;PALITOS DE MAIZ SABOR QUESO;30 g;PIPO SAL;1;20;5;
;PIPOCAS;BANANITO;TROPI BANANOS;BANANA;30 g;PIPO SAL;1;20;5;
;PIPOCAS;COME COME;ARLEQUIN;FRUTAS; 30 g;PIPO SAL;1;20;5;
;PIPOCAS;PIPOCA;PIPO SAL ;MANTEQUILLA;25 g;PIPO SAL;1;20;5;
;PIPOCAS;PIPOCA;CLAC;CARAMELIZADO;25g;PIPO SAL;1;20;5;
;PIPOCAS;PIPOCA;POP CHOC;CHOCOLATE;25 g;PIPO SAL;1;20;5;
;PIPOCAS;PIPOCA;PIPO SAL FAMILIAR;MANTEQUILLA;170 g;PIPO SAL;1;;5;
;PIPOCAS;PIPOCA;PI PO CAS;MANTEQUILLA;20 g;LA ESTRELLA;1;20;5;
7771700000000;PIPOCAS;PIPOCA;PI PO CAS FAMILIAR;MANTEQUILLA;190 g;LA ESTRELLA;1;;5;
;PIPOCAS;CHISITO;CHIZITOS;QUESO;23 g;LA ESTRELLA;1;20;5;
;PIPOCAS;CHISITO;CHIZITOS FAMILIAR;QUESO;190 g;LA ESTRELLA;1;;5;
;PIPOCAS;BANANITO;BANANAS;BANANA;23 g;LA ESTRELLA;1;20;5;
;PIPOCAS;COME COME;COME COME;FRUTAS;30 g;LA ESTRELLA;1;20;5;
;PIPOCAS;CHISITO;CHIZITOS PICANTE;QUESO PICANTE;23 g;LA ESTRELLA;1;20;5;
;PIPOCAS;PIPOCA;PI PO CAS CHOCOLATE;MAIZ CON CHOCOLATE;23 g;LA ESTRELLA;1;20;5;
;PIPOCAS;PIPOCA;PI PO CAS CHOCOLATE FAMILIAR;MAIZ CON CHOCOLATE;90 g;LA ESTRELLA;1;;5;
;PIPOCAS;COME COME;ESTRELLITAS ACIDAS FAMILIAR;FRUTAS;180 g;LA ESTRELLA;1;;5;
7771260000000;PIPOCAS;PIPOCA;POP PIPOCA;MANTEQUILLA;25 g;FRUTILLITA;1;;50;
7771260000000;PIPOCAS;PIPOCA;POP PIPOCA;MANTEQUILLA;90 g;FRUTILLITA;1;;15;
;PIPOCAS;PIPOCA;PIPOCA LUCANA;SALADA;16 g;LUCANA;1;;50;
;PIPOCAS;PIPOCA;PIPOCA LUCANA FAMILIAR;SALADA;100 g;LUCANA;1;;20;
;PIPOCAS;CHISITO;TRON CHEESE;QUESO;30 g;EVERFOOD SNACKS;1;10;10;
;PIPOCAS;CHISITO;TRON CHEESE FAMILIAR;QUESO;160 g;EVERFOOD SNACKS;1;;15;
;SNACKS;SNACK;BACON;BOCADITO DE TRIGO SABOR BACON;24 g ;EVERFOOD SNACKS;1;10;10;
;SNACKS;SNACK;BACON PICANTE;BOCADITO DE TRIGO SABOR BACON PICANTE;24 g ;EVERFOOD SNACKS;1;10;10;
;SNACKS;SNACK;BACON FAMILIAR;BOCADITO DE TRIGO SABOR BACON PICANTE;185 g;EVERFOOD SNACKS;1;;15;
;SNACKS;SNACK;BACON PICANTE FAMILIAR;BOCADITO DE TRIGO SABOR BACON PICANTE;185 g;EVERFOOD SNACKS;1;;15;
;SNACKS;CHICHARRON;RICORRONES;LONJITAS DE PIEL DE CERDO;15 g;EVERFOOD SNACKS;1;10;10;
;SNACKS;SNACK;KE PADRE;NACHOS;35 g;EVERFOOD SNACKS;1;10;10;
;SNACKS;CHICHARRON;MIX SNACKS CROCANTES;PALITOS FRITOS DE HARINA DE TRIGO;20 g;FRUTILLITA;1;10;10;
;SNACKS;CHICHARRON;MIX SNACKS CROCANTES FAMILIAR;PALITOS FRITOS DE HARINA DE TRIGO;200 g;FRUTILLITA;1;;10;
7770020000000;SNACKS;PAPAS FRITAS;SABROSITAS SNACKS;SIN PICANTE;20 g;ORGANICA DEL SUR;1;;50;
7770020000000;SNACKS;PAPAS FRITAS;SABROSITAS SNACKS;CON PICANTE;20 g;ORGANICA DEL SUR;1;;50;
7770020000000;SNACKS;PAPAS FRITAS;SABROSITAS SNACKS FAMILIAR;SIN PICANTE;200 g;ORGANICA DEL SUR;1;;30;
7770020000000;SNACKS;PAPAS FRITAS;SABROSITAS SNACKS FAMILIAR;CON PICANTE;200 g;ORGANICA DEL SUR;1;;30;
7770020000000;SNACKS;PAPAS FRITAS;BOLIVAR;CLASICO;20 g;ORGANICA DEL SUR;1;12;4;CREO
7770020000000;SNACKS;PAPAS FRITAS;BOLIVAR FAMILIAR;CLASICO;200 g;ORGANICA DEL SUR;1;;30;
7770020000000;SNACKS;PAPAS FRITAS;PAPAS GOURMET;CHURRASCO;26 g;ORGANICA DEL SUR;1;10;3;
;SNACKS;PAPAS FRITAS;PAPAS GOURMET;HAMBURGUESA;26 g;ORGANICA DEL SUR;1;10;3;
7770020000000;SNACKS;NACHOS;NACHOS DE MAIZ;SIN PICANTE;35 g;ORGANICA DEL SUR;1;;50;
7770020000000;SNACKS;NACHOS;NACHOS DE MAIZ;CON PICANTE;35 g;ORGANICA DEL SUR;1;;50;
7758570000000;SNACKS;PAPAS FRITAS;LAYS;CLASICO;170 g;CRUCIMEX;1;;20;
7750890000000;QUEQUES;VISCOCHO;CHOCMAN;RELLENA DE MANJAR Y COBERTURA DE CHOCOLATE;28 g;PROESA;1;;60;
;MALVAVISCO;MASMELO;DELI MASMELOS;MASMELOS SABOR A FRUTILLA;25 g;KEY BELS;1;;40;
;MALVAVISCO;MASMELO;SUPER RICO;MASMELOS SABOR A FRUTILLA;150 g;KEY BELS;1;;25;
;MALVAVISCO;MASMELO;MEGA JUMBO;MASMELOS SABOR A FRUTILLA;250 g;KEY BELS;1;;30;
6954300000000;MALVAVISCO;MASMELO;FURIOSO DELICIOSO;FRESA MANZANA UVA Y NARANJA;10 g;SODOMIN;1;60;;
6941650000000;MALVAVISCO;MASMELO;MARSHMALLOW;FRESA MANZANA UVA Y NARANJA;11 g;SODOMIN;1;60;;
7702030000000;TOALLA HIGIENICA;TOALLA HIGIENICA;NOSOTRAS;INVISBLE RAPIGEL;;;1;;24;
7702030000000;TOALLA HIGIENICA;TOALLA HIGIENICA;NOSOTRAS;PROTECCION ANTIBACTERIAL;;;1;;24;
7702030000000;TOALLA HIGIENICA;TOALLA HIGIENICA;NOSOTRAS;INVISBLE CLASICA;;;1;;24;
;TOALLA HIGIENICA;TOALLA HIGIENICA;KOTEX;NORMAL EXTREMA PROTECCION;;;1;6;8;
7773100000000;MANTEQUILLA;MARGARINA;REGIA;CON LECHE;210 g;;1;;24;
7773100000000;MANTEQUILLA;MARGARINA;REGIA;CON LECHE;410 g;;1;;24;
7773100000000;MANTEQUILLA;MARGARINA;REGIA;CON LECHE;820 g;;1;;12;
7772910000000;FIDEOS;FIDEO;PASTA RICA;TRIGO;400 g;SANTA ROSA;1;;10;
7754490000000;FIDEOS;FIDEO INSTANTANIO;AJI NO MEN;CARNE;80 g;AJINOMEN;1;;24;
;FIDEOS;FIDEO INSTANTANIO;AJI NO MEN;CARNE PICANTE;80 g;AJINOMEN;1;;24;
;FIDEOS;FIDEO INSTANTANIO;AJI NO MEN;POLLO;80 g;AJINOMEN;1;;24;
;FIDEOS;FIDEO INSTANTANIO;AJI NO MEN;POLLO PICANTE;80 g;AJINOMEN;1;;24;
;FIDEOS;FIDEO INSTANTANIO;AJI NO MEN;POLLO CON VERDURAS;80 g;AJINOMEN;1;;24;
;FIDEOS;FIDEO INSTANTANIO;AJI NO MEN;COSTILLA;80 g;AJINOMEN;1;;24;
7751450000000;CONSERVAS;MERMELADA;GIGANTE;MERMELADA DE FRESA;340 g;ICAL;1;;12;
7896700000000;CONSERVAS;SARDINA;LIDITA CHILENA;JUREL EN CONSERVA CON SALSA DE TOMATE;425 g;SODOMIN;1;;24;
7800920000000;CONSERVAS;ATUN;ATUN LIDITA;GRATED DE ANCHOVETA EN AGUA Y SAL;170 g;SODOMIN;1;;24;
7896040000000;CONSERVAS;VIANDADA;ODERICH FIAMBRE;FIAMBRE DE CARNE VOVINA;320 g;SODOMIN;1;;24;
7790920000000;CONSERVAS;PICADILLO;SAFRA ;PICADILLO DE CARNE;90 g;SODOMIN;1;;;
7798090000000;CONSERVAS;DURAZNO ENLATADO;OKEY;DURAZNO EN JARABE DILUIDO;820 g;SODOMIN;1;;;
7801800000000;CONSERVAS;DURAZNO ENLATADO;ACONCAGUA;DURAZNO EN ALMIBAR;820 g;SODOMIN;1;;;
7771260000000;LACTEOS;LECHE ENLATADA;LECHE EVAPORADA BONLE;LECHE EVAPORADA;400 g;GLORIA;1;;24;
8716200000000;LACTEOS;LECHE ENLATADA;LECHE CONDENSADA BELLA HOLANDESA;LECHE CONDENSADA;397 g;MINIOL;1;;;
7751270000000;LACTEOS;LECHE ENLATADA;LECHE EVAPORADA PIL;LECHE EVAPORADA;400 g;PIL;1;;24;
7772910000000;LACTEOS;LECHE POLVO;INSTANTANEA PIL;LECHE PEQUENIA;120 g;PIL;1;;;
7772910000000;LACTEOS;LECHE POLVO;INSTANTANEA PIL;LECHE MEDIANA;370 g;PIL;1;;;
7772910000000;LACTEOS;LECHE POLVO;INSTANTANEA PIL;LECHE GRANDE;760 g;PIL;1;;20;
7771260000000;LACTEOS;LECHE POLVO;INSTANTANEA PIL DOYPACK;LECHE DOYPACK;2200g;PIL;1;;6;
7506480000000;LACTEOS;LECHE POLVO;NIDO BOLSA DOYPACK;CRECIMIENTO;2000 g;NESTLE;1;;6;
7771260000000;LACTEOS;LECHE POLVO;INSTANTANEO BONLE;TAMANIO GRANDE;2000 g;GLORIA;1;;6;
7501060000000;LACTEOS;LECHE POLVO;NIDO BOLSA;CRECIMIENTO;800 g;NESTLE;1;;;
;LACTEOS;LECHE POLVO;NIDO LATA;CRECIMIENTO;760 g;NESTLE;1;;;
7772910000000;LACTEOS;LECHE;LECHE NATURAL PIL;NORMAL;946 ml;PIL;1;;20;
;LACTEOS;LECHE;LECHE DESLACTOSADA PIL;DESLACTOSADA;800 ml;PIL;1;;20;
7772910000000;LACTEOS;BEBIDA LACTEA;PILFRUT FAMILIAR;DURAZNO;800 ml;PIL;1;;20;
7772910000000;LACTEOS;BEBIDA LACTEA;PILFRUT FAMILIAR;MANZANA;800 ml;PIL;1;;20;
7771260000000;LACTEOS;BEBIDA LACTEA;PILFRUT FAMILIAR;BLUEBERRY;800 ml;PIL;1;;20;
7771060000000;LACTEOS;BEBIDA LACTEA;PILFRUT;DURAZNO;190 ml;PIL;1;;90;
7771260000000;LACTEOS;BEBIDA LACTEA;PILFRUT;MANZANA;190 ml;PIL;1;;90;
7771260000000;LACTEOS;BEBIDA LACTEA;PILFRUT;PINIA;190 ml;PIL;1;;90;
7771260000000;LACTEOS;BEBIDA LACTEA;PILFRUT;FRUTILLA;190 ml;PIL;1;;90;
;LACTEOS;BEBIDA LACTEA;PILFRUT;BLUEBERRY;190 ml;PIL;1;;90;
;LACTEOS;BEBIDA LACTEA;PILFRUT;NARANJA;190 ml;PIL;1;;90;
;LACTEOS;BEBIDA LACTEA;PILFRUT;MARACUYA;190 ml;PIL;1;;90;
7771260000000;LACTEOS;LECHE SABORIZADA;CHICOLAC;CHOCOLATE;120 ml;PIL;1;;;
7771260000000;LACTEOS;YOGURT;YOGURELLO ESCOLAR;FRUTILLA;95 ml;PIL;1;;;
;LACTEOS;YOGURT;YOGURELLO ESCOLAR;CHICLE;95 ml;PIL;1;;;
;LACTEOS;YOGURT;YOGURELLO ESCOLAR;BLUEBERRY;95 ml;PIL;1;;;
;LACTEOS;YOGURT VASO;YOGURT BATIDO FRUTADO;YOGURT EN VASO FRUTADO;90 g;PIL;1;;;
7772910000000;LACTEOS;BEBIDA SABORIZADA;JUGUITO PIL;DURAZNO;150 ml;PIL;1;;32;
7772910000000;LACTEOS;BEBIDA SABORIZADA;JUGUITO PIL;MANZANA;150 ml;PIL;1;;32;
7779600000000;LACTEOS;LECHE;LECHE ENTERA KREAM;NORMAL;946 ml;SOALPRO;1;;20;
7779600000000;LACTEOS;LECHE;LECHE DESLACTOSADA KREAM;DESLACTOSADA;800 ml;SOALPRO;1;;20;
7779600000000;LACTEOS;LECHE DE SOYA;VIDA SANA;CHOCOLATE;1000 ml;SOALPRO;1;;20;
7779600000000;LACTEOS;LECHE DE SOYA;VIDA SANA;FRUTILLA;1000 ml;SOALPRO;1;;20;
7779600000000;LACTEOS;LECHE DE SOYA;VIDA SANA;BANANA;1000 ml;SOALPRO;1;;20;
7779600000000;LACTEOS;LECHE SABORIZADA;LECHE CHOCOLATADA KREAM;CHOCOLATE;120 ml;SOALPRO;1;;22;
7779600000000;LACTEOS;LECHE SABORIZADA;LECHE CON AVENA KREAM;AVENA;120 ml;SOALPRO;1;;22;
7779600000000;LACTEOS;LECHE SABORIZADA;LECHE FRUTILLA KREAM;FRUTILLA;120 ml;SOALPRO;1;;22;
7779600000000;LACTEOS;YOGURT;YOGU STARS;PINIA;60 ml;SOALPRO;1;;20;
7779600000000;LACTEOS;YOGURT;YOGU STARS;CHICLE;60 ml;SOALPRO;1;;20;
7779600000000;LACTEOS;YOGURT;YOGU STARS;UVA Y MORA;60 ml;SOALPRO;1;;20;
7779600000000;LACTEOS;YOGURT;YOGU STARS;FRUTILLA;60 ml;SOALPRO;1;;20;
;LACTEOS;YOGURT;YOGU STARS;CHIRIMOYA;60 ml;SOALPRO;1;;20;
7779600000000;LACTEOS;YOGURT BOTELLA;KREAM;FRUTILLA;2000 ml;SOALPRO;1;;6;
7779600000000;LACTEOS;YOGURT BOTELLA;KREAM;CHIRIMOYA;2000 ml;SOALPRO;1;;6;
7779600000000;LACTEOS;YOGURT BOTELLA;KREAM;COCO;2000 ml;SOALPRO;1;;6;
7779600000000;LACTEOS;YOGURT BOTELLA;KREAM;DURAZNO;2000 ml;SOALPRO;1;;6;
7779600000000;LACTEOS;YOGURT BOTELLA;KREAM;BERRIES;2000 ml;SOALPRO;1;;6;
7779600000000;LACTEOS;BEBIDA SABORIZADA;NARANJITO;NARANJA;90 ml;SOALPRO;1;;20;
7779600000000;LACTEOS;BEBIDA SABORIZADA;LIMONCITO;LIMON;90 ml;SOALPRO;1;;20;
;LACTEOS;BEBIDA SABORIZADA;TORONJITO;TORONJA;90 ml;SOALPRO;1;;20;
7771220000000;LACTEOS;LECHE SABORIZADA;LECHE VAQUITA;CHOCOLATE;120 ml;DELIZIA;1;;11;
;LACTEOS;LECHE SABORIZADA;LECHE VAQUITA;AVENA;120 ml;DELIZIA;1;;11;
;LACTEOS;LECHE SABORIZADA;LECHE VAQUITA;FRUTILLA;120 ml;DELIZIA;1;;11;
;LACTEOS;LECHE SABORIZADA;LECHE VAQUITA;MORA;120 ml;DELIZIA;1;;11;
;LACTEOS;LECHE SABORIZADA;LECHE VAQUITA;PLATANO;120 ml;DELIZIA;1;;11;
7771220000000;LACTEOS;YOGURT;CHIQUI DRINK;FRUTILLA;100 ml;DELIZIA;1;;11;
7771220000000;LACTEOS;YOGURT BOTELLA;YOGURT FAMILIAR;FRUTILLA;2000 ml;DELIZIA;1;;6;
7771220000000;LACTEOS;YOGURT BOTELLA;YOGURT FAMILIAR;DURAZNO;2000 ml;DELIZIA;1;;6;
7771220000000;LACTEOS;YOGURT BOTELLA;YOGURT FAMILIAR;COCO;2000 ml;DELIZIA;1;;6;
7771220000000;LACTEOS;YOGURT BOTELLA;YOGURT FAMILIAR;MORA;2000 ml;DELIZIA;1;;6;
7772800000000;CACAOS;COCOA BOLSA;CHOCO PITER;CON AZUCAR;50 g;ICAL;1;12;10;
7772800000000;CACAOS;COCOA BOLSA;COCOA PITER;SIN AZUCAR;50 g;ICAL;1;12;10;
7772800000000;CACAOS;COCOA BOLSA;CHOCO PITER DE KILO;CON AZUCAR;1 kg;ICAL;1;;20;
7771720000000;CACAOS;COCOA FRASCO;CHOCOLIKE;CON AZUCAR;400 g;MADISA;1;;24;
7771720000000;CACAOS;COCOA FRASCO;CHOCOLIKE;CON AZUCAR;300 g;MADISA;1;;24;
7771720000000;CACAOS;COCOA FRASCO;CHOCOLIKE;CON AZUCAR DE TARRO;800 g;MADISA;1;;24;
7771720000000;CACAOS;COCOA BOLSA;CHOCOLIKE DE KILO;CON AZUCAR DE TARRO;1kg;MADISA;1;;12;
7771720000000;CACAOS;COCOA FRASCO;CHOCOLIKE;CON AZUCAR DE TARRO;2 kg;MADISA;1;;6;
7771710000000;CACAOS;CHOCOLATE;CHOCOLATE DE MESA;CHOCOLATE DE MESA;1 kg;EL CEIBO;1;12;12;
;CACAOS;CHOCOLATE;SAN LUISITO;CHOCOLATE DE MESA;800 g aprox;SN;1;;;
7771720000000;CACAOS;CHOCOLATE SEMIAMARGO;CELINDA;COBERTURA CHOCOLATE SEMIAMARGO;500 g;MADISA;1;;24;
7771720000000;CACAOS;CHOCOLATE SEMIAMARGO;CELINDA;COBERTURA CHOCOLATE SEMIAMARGO;1 kg;MADISA;1;;12;
7771720000000;CACAOS;JALEA;SALSA CHOCOLATE;CHOCOLATE;400 g;MADISA;1;;;
7771720000000;CACAOS;JALEA;SALSA FRUTILLA;FRUTILLA;400 g;MADISA;1;;;
7771720000000;CACAOS;CHOCOLATE DE CREMA;CHOCOLIKE CREMITA;BICOLOR;480 g;MADISA;1;48;24;
7896970000000;CACAOS;CHOCOLATE DE CREMA;NUCITA;BICOLOR;480 g;SODOMIN;1;48;24;
7896380000000;CACAOS;CHOCOLATE DE CREMA;DUCREM ;TRISABOR;600 g;SODOMIN;1;60;16;
7613030000000;CACAOS;CHOCOLATE BARRA;SUBLIME BOMBON;CHOCOLATE RELLENA CON MANI;400 g;NESTLE;1;50;12;
8445290000000;CACAOS;CHOCOLATE BARRA;SUBLIME CLASICO;CHOCOLATE RELLENA CON MANI;624 g;NESTLE;1;24;18;
7891010000000;CACAOS;CHOCOLATE BARRA;BATON;CHOCOLATE CON LECHE;480 g;MINIOL;1;30;;
7896070000000;CACAOS;CHOCOLATE BARRA;BEL;BOM BON SURTIDOS CON COPBERTURA DE CHOCOLATE;180 g;SODOMIN;1;20;;
7891010000000;CACAOS;CHOCOLATE BARRA;GAROTO SURTIDO;VARIEDAD DE CHOCOLATES GAROTO;250 g;MINIOL;1;;;
7750890000000;CACAOS;CHOCOLATE BARRA;MECANO;CHOCOLATE CON MANJAR;608 g;SN;1;32;;
7751580000000;CACAOS;CHOCOLATE BARRA;CACHORRITOS;TABLETA DE CHOCOLATE;240 g;SN;1;24;;
8445290000000;CACAOS;CHOCOLATE BARRA;TRIANGULO JUNIOR;JUNIOR;270 g;NESTLE;1;18;;
7898140000000;CACAOS;CHOCOLATE CARAMELO;CHUBI HALLOWEEN;CONFITADOS;360 g;SODOMIN;1;24;;
7892230000000;CACAOS;CHOCOLATE CARAMELO;CHUBI MINIS;CHOCOLATE CUBIERTO DE CARAMELO;320 g;SODOMIN;1;40;;
7802230000000;CACAOS;CHOCOLATE BARRA;NIKOLO;MANI;720 g;SODOMIN;1;30;;
7802220000000;CACAOS;CHOCOLATE RELLENO;MOMENTO;BARRA DE COCO BANIADO EN CHOCOLATE;504 g;SODOMIN;1;18;;
7790580000000;CACAOS;CHOCOLATE RELLENO;BON O BON;CHOCOLATE RELLENO CON CREMA DE MANI;450 g;SODOMIN;1;30;;
7802230000000;CACAOS;CHOCOLATE RELLENO;PROVILEGIO;MIXTO;252 g;SODOMIN;1;;10;
7802230000000;CACAOS;CHOCOLATE RELLENO;PROVILEGIO TABLETA;MIXTO;60 g;SODOMIN;1;;;
7702020000000;CAFES;CAFE INSTANTANEO STICK;NESCAFE;TRADICIONAL;1.5 g;NESTLE;1;48;24;
88169004978;CAFES;CAFE INSTANTANEO TIRA;NESCAFE;TRADICIONAL;8 g;NESTLE;1;8;36;
891000000000;CAFES;CAFE INSTANTANEO BOLSA;NESCAFE;TRADICIONAL;55 g;NESTLE;1;;24;
891000000000;CAFES;CAFE INSTANTANEO FRASCO;NESCAFE;EXTRA FORTE;100 g;NESTLE;1;;24;
891000000000;CAFES;CAFE INSTANTANEO FRASCO;NESCAFE;FORTE;100 g;NESTLE;1;;24;
891001000000;CAFES;CAFE INSTANTANEO FRASCO;NESCAFE;INTENCIDAD MAXIMA;160 g;NESTLE;1;;12;
891000000000;CAFES;CAFE INSTANTANEO FRASCO;NESCAFE;ORIGINAL;200 g;NESTLE;1;;12;
7772910000000;CAFES;CAFE INSTANTANEO FRASCO;MONACO;CAFÉ PREMIUN IOFILIZADO;200 g;PIL;1;;12;
7896020000000;CAFES;CAFE INSTANTANEO FRASCO;IGUACU;CLASICO;200 g;MINIOL;1;;12;
7896050000000;CAFES;CAFE INSTANTANEO BOLSA;IGUACU;CLASICO;40 g;MINIOL;1;;24;
7771900000000;CAFES;CAFE INSTANTANEO FRASCO;COPACABANA;CAFÉ SOLUBLE;200 g;COPACABANA;1;;12;
7771810000000;CAFES;CAFE INSTANTANEO BOLSA;COPACABANA;CAFÉ SOLUBLE;200 g;COPACABANA;1;;24;
7771810000000;CAFES;CAFE INSTANTANEO BOLSA;COPACABANA;CAFÉ SOLUBLE;50 g;COPACABANA;1;;24;
7771810000000;CAFES;CAFE INSTANTANEO STICK;COPACABANA;CAFÉ SOLUBLE;2 g;COPACABANA;1;48;24;
7771810000000;CAFES;CAFE DESTILADO BOLSA;COPACABANA;TRADICIONAL;1000 g;COPACABANA;1;;;
7771810000000;CAFES;CAFE DESTILADO BOLSA;COPACABANA;TRADICIONAL;50 g;COPACABANA;1;;;
7771810000000;CAFES;CAFE DESTILADO BOLSA;COPACABANA;TRADICIONAL;250 g;COPACABANA;1;;;
;CAFES;CAFE DESTILADO BOLSA;CHIRIGUANO;TORRADO Y MOLIDO;50 g;;1;;20;
;PAÑALES;PAÑAL ;BABY ÑOÑO ROSADO RECIEN NACIDO;PAÑAL RECIEN NACIDO ROSADO;RN;SURCO Y SURCO;1;22;12;
;PAÑALES;PAÑAL ;BABY ÑOÑO ROSADO;PAÑAL SUPER EXTRA EXTRA EXTRA GRANDE ROSADO;XG;SURCO Y SURCO;1;40;6;
;PAÑALES;PAÑAL ;BABY ÑOÑO ROSADO;PAÑAL SUPER EXTRA EXTRA EXTRA GRANDE ROSADO;XXG;SURCO Y SURCO;1;40;6;
6972330000000;PAÑALES;PAÑAL ;BABY ÑOÑO ROSADO;PAÑAL SUPER EXTRA EXTRA EXTRA GRANDE ROSADO;XXXG;SURCO Y SURCO;1;40;6;
6972330000000;PAÑALES;PAÑAL ;BABY ÑOÑO ROSADO;PAÑAL SUPER GRANDE ROSADO;G;SURCO Y SURCO;1;40;6;
6972330000000;PAÑALES;PAÑAL ;BABY ÑOÑO ROSADO;PAÑAL PEQUEÑO ROSADO;P;SURCO Y SURCO;1;48;6;
6972330000000;PAÑALES;PAÑAL ;BABY ÑOÑO ROSADO;PAÑAL MEDIANO ROSADO;M;SURCO Y SURCO;1;44;6;
6972330000000;PAÑALES;PAÑAL ;BABY ÑOÑO VERDE;PAÑAL SUPER EXTRA EXTRA EXTRA GRANDE VERDE;XG;SURCO Y SURCO;1;40;6;
6972330000000;PAÑALES;PAÑAL ;BABY ÑOÑO VERDE;PAÑAL SUPER EXTRA EXTRA EXTRA GRANDE VERDE;XXG;SURCO Y SURCO;1;40;6;
6972730000000;PAÑALES;PAÑAL ;BABY ÑOÑO VERDE;PAÑAL SUPER EXTRA EXTRA EXTRA GRANDE VERDE;XXXG;SURCO Y SURCO;1;40;6;
6921600000000;PAÑALES;PAÑAL ;BABY ÑOÑO VERDE;PAÑAL SUPER GRANDE VERDE;G;SURCO Y SURCO;1;40;6;
;PAÑALES;PAÑAL ;BABY ÑOÑO VERDE;PAÑAL PEQUEÑO VERDE;P;SURCO Y SURCO;1;48;6;
;PAÑALES;PAÑAL ;BABY ÑOÑO VERDE;PAÑAL MEDIANO VERDE;M;SURCO Y SURCO;1;44;6;
;PAÑALES;PAÑAL ;CARIÑOSITOS;RESIEN NACIDOS;RN;;1;;;
;PAÑALES;PAÑAL ;CARIÑOSITOS;PEQUEÑO;P ;;1;;;
;PAÑALES;PAÑAL ;CARIÑOSITOS;MEDIANO;M;;1;;;
;PAÑALES;PAÑAL ;CARIÑOSITOS;GRANDE;G;;1;;;
;PAÑALES;PAÑAL ;CARIÑOSITOS;EXTRA GRANDE;XG;;1;;;
;PAÑALES;PAÑAL ;CARIÑOSITOS;EXTRA EXTRA GRANDE;XXG;;1;;;
;PAÑALES;PAÑAL ;CARIÑOSITOS;EXTRA EXTRA EXTRA GRANDE;XXXG;;1;;;
;PAÑALES;PAÑAL ;BEBIÑO;EXTRA GRANDE;XG;;1;;;
6931150000000;PAÑALES;PAÑAL ;BEBIÑO;EXTRA EXTRA GRANDE;XXG;;1;40;;
;PAÑALES;PAÑAL ;BEBIÑO;EXTRA EXTRA EXTRA GRANDE;XXXG;;1;;;
;PAÑALES;PAÑAL ;HUGGIES;RESIEN NACIDOS;RN;;1;;;
;PAÑALES;PAÑAL ;HUGGIES;PEQUEÑO;P ;;1;;;
7751490000000;PAÑALES;PAÑAL ;HUGGIES;MEDIANO;M;;1;56;;
;PAÑALES;PAÑAL ;HUGGIES;GRANDE;G;;1;;;
;PAÑALES;PAÑAL ;HUGGIES;EXTRA GRANDE;XG;;1;;;
;PAÑALES;PAÑAL ;HUGGIES;EXTRA EXTRA GRANDE;XXG;;1;;;
7751490000000;PAÑALES;PAÑAL ;HUGGIES;EXTRA EXTRA EXTRA GRANDE;XXXG;;1;36;;
;PAÑALES;PAÑAL ;BB DE ORO;PEQUEÑO;P ;;1;;;
;PAÑALES;PAÑAL ;BB DE ORO;MEDIANO;M;;1;;;
6931150000000;PAÑALES;PAÑAL ;BB DE ORO;GRANDE;G;;1;20;;
;PAÑALES;PAÑAL ;BB DE ORO;EXTRA GRANDE;XG;;1;;;
6931150000000;PAÑALES;PAÑAL ;BB DE ORO;EXTRA EXTRA GRANDE;XXG;;1;20;;
;PAÑALES;PAÑAL ;BB DE ORO;EXTRA EXTRA EXTRA GRANDE;XXXG;;1;;;
;PAÑALES;PAÑAL ;BB BONITO;PEQUEÑO;P ;;1;;;
;PAÑALES;PAÑAL ;BB BONITO;MEDIANO;M;;1;;;
;PAÑALES;PAÑAL ;BB BONITO;GRANDE;G;;1;;;
6972330000000;PAÑALES;PAÑAL ;BB BONITO;EXTRA GRANDE;XG;;1;40;;
;PAÑALES;PAÑAL ;BB BONITO;EXTRA EXTRA GRANDE;XXG;;1;;;
;PAÑALES;PAÑAL ;BB BONITO;EXTRA EXTRA EXTRA GRANDE;XXXG;;1;;;
;MISCELANEA COCINA;FOSFORO;FIAT LUX ;FOSFORO AMARILLO GRANDE;16;;1;;16;
783094000000;MISCELANEA HOGAR;BATERIA;RAYOVAC;PILA DESECHABLE GRANDE DE 1.5 VOLTS;A;;1;24;;
7896010000000;MISCELANEA HOGAR;BATERIA;RAYOVAC;PILA DESECHABLE MEDIANO DE 1.5 VOLTS;AA;;1;48;;
7896010000000;MISCELANEA HOGAR;BATERIA;RAYOVAC;PILA DESECHABLE PEQUEÑO DE 1.5 VOLTS;AAA;;1;40;;
;MISCELANEA HOGAR;BATERIA;PANASONIC;PILA DESECHABLE GRANDE DE 1.5 VOLTS;A;;1;;;
;MISCELANEA HOGAR;BATERIA;PANASONIC;PILA DESECHABLE MEDIANO DE 1.5 VOLTS;AA;;1;;;
8887550000000;MISCELANEA HOGAR;BATERIA;PANASONIC;PILA DESECHABLE PEQUEÑO DE 1.5 VOLTS;AAA;;1;40;;
7805000000000;ASEO PERSONAL;DENTAL;PEPSODENT;PASTA DENTAL GRANDE ;130 g;;1;;;
7774900000000;ASEO PERSONAL;JABONCILLO;CARISSA;JABON DE TOCADOR AVENA;125 g;;1;;;
7774900000000;ASEO PERSONAL;JABONCILLO;CARISSA;JABON DE TOCADOR FLORAL;125 g;;1;;;
8997220000000;ASEO PERSONAL;JABONCILLO;ROYAL NOVA;JABON DE TOCADOR STRAWBERRY;75 g;;1;;;
8997220000000;ASEO PERSONAL;JABONCILLO;ROYAL NOVA;JABON DE TOCADOR GREEN APPLE;75 g;;1;;;
6972330000000;ASEO PERSONAL;TOALLITA HUMEDA;BABY ÑOÑO BABY WIPES;PAÑITO HUMEDO DESECHABLE;120 u;;1;;;
6931150000000;ASEO PERSONAL;TOALLITA HUMEDA;BABY ÑOÑO BABY WIPES;PAÑITO HUMEDO DESECHABLE;50 u;;1;;;
7775020000000;ASEO PERSONAL;TOALLITA HUMEDA;CARIÑOSITOS;PAÑITO HUMEDO DESECHABLE;50 u;;1;;;
7772600000000;CEREALES GRANOLAS;AVENA;AVENA INSTANTANIA PRINCESA;HOJUELAS DE AVENA ESTABILIZADA ;300 g;;1;;;
;GRAJEAS;GRAJEA NACIONAL;KRAPULCHOC;GRAJEAS DE CHOCOLATE;10 g;SODOMIN;1;60;;
6973160000000;CHINOS;CARAMELO JUGUETE;SAAM;CARAMELO CON JUGUETE LINTERNA;2 g;SODOMIN;1;30;;
6973160000000;CHINOS;SPRAY ACIDO;CARAMELO LIQUIDO;CARAMELO LIQUIDO EN FRASCO;25 ml;SODOMIN;1;30;;
6986990000000;CHINOS;GELATINA;ICE BOARD;GELATINAS DE SABORES A REFRESCO;35 g;SODOMIN;1;40;;
7861010000000;CHINOS;CHICLE;AGOGO;CHERRY STRAWBERRY BLUEBERRY;11,6 g;SODOMIN;1;40;;
6971070000000;CHINOS;CARAMELO;CARAMELO BLANDO ;CARAMELO BLANDO BEBETO;6 g;SODOMIN;1;60;;
6973160000000;CHINOS;GELATINA;KONJAC JELLY;GELATINAS DE SABORES A REFRESCO;28 g;SODOMIN;1;35;;
6973690000000;CHINOS;GOMITA;SPONGE BOB;GOMITAS CON FORMAS DE COMIDA;10 g;SODOMIN;1;60;;
6983700000000;CHINOS;CHOCOLATE ;CHOCOLATE PEN;PASTA DE CHOCOLATE;9,5 g;SODOMIN;1;30;;
6941650000000;CHINOS;GOMITA;GOMITA BLANDA;GOMITAS CON SABOR A FRUTILLA UVA MANZANA;10 g;SODOMIN;1;30;;
6987410000000;CHINOS;GOMITA;DINOSAUR GUMMY CANDY;GOMITAS EN FORMA DE DINOSAURIO;8 g;SODOMIN;1;30;;
6973160000000;CHINOS;GOMITA;SNAKE JELLY CANDY ;GOMITA BLANDA SABOR FRUTILLA UVA FRESA;8 g;SODOMIN;1;30;;
6929310000000;CHINOS;GELATINA;DELICI OSO;GELATINAS SABOR FRUTILLA MANZANA PIÑA;35 g;SODOMIN;1;30;;
6922240000000;CHINOS;GELATINA;ASSORTD JELLIES;MINI GELATINAS SABOR UVA MANGO FRUTILLA MANZANA;15,5 g;SODOMIN;1;40;;
6970430000000;CHINOS;GELATINA;MINI GELATINA;MINI GELATINAS  EN COPITASABOR UVA MANGO FRUTILLA MANZANA;30 g;SODOMIN;1;48;;
6920340000000;CHINOS;GOMITA;MAGIC HAIR;GOMITAS DE GELATINA SABOR A FRUTAS;8 g;SODOMIN;1;30;;
6973160000000;CHINOS;CARAMELO POLVO;FRUITY STRAW;CARAMELO EN POLVO SABOR ARANDANOS FRUTILLA UVA;12 g;SODOMIN;1;60;;
6971970000000;CHINOS;JALEA;BOMBA SOUR;CARAMLO LIQUIDO SABORES A FRUTAS;20 g;SODOMIN;1;30;;
6975900000000;CHINOS;JALEA;CANDY LOKA SHARE HAPPY;JALEA SABOR A FANTA COCA Y SPRITE;18 g;SODOMIN;1;30;;
6983070000000;CHINOS;JALEA;LIQUID GEL CANDY;CARAMELO LIQUIDO EN SACHET SABOR A FRUTAS;11 g;SODOMIN;1;60;;
6929310000000;CHINOS;CHICLE;GOMA DE MASCAR CANDY LOKA;GOMA DE MASCAR SABOR A FRUTAS;16 g;SODOMIN;1;30;;
6972890000000;CHINOS;CHOCOLATE CREMA;CHOCOLATE CHOCO FETT;PAST DE CHOCOLATE CON CREMA DE AVELLANA;16 g;SODOMIN;1;30;;
6976620000000;CHINOS;CARAMELO;TOTY TOTY;CHUPA DEDO DE SABORES;8 g;SODOMIN;1;30;;
6941250000000;CHINOS;CHICLE;GOMA JIRAFA;GOMA DE MASCAR SABOR A FRUTAS;18 g;SODOMIN;1;30;;
6975330000000;CHINOS;GOMITA;GOMITA DE HAMBUERGUESA;GOMITAS DE HAMBURGUESA SABOR A FRUTAS;10 g;SODOMIN;1;30;;
6973160000000;CHINOS;GALLETA;JELLY CANDY + POWDER;GALLETAS EN TROZOS PEQUEÑOS;10 g;SODOMIN;1;30;;
6923630000000;CHINOS;CHICLE;CHICLE RODISET ;CHICLE PINTA BOCA CON TATUAJE;12 g;SODOMIN;1;30;;
6979680000000;CHINOS;CARAMELO CHUBI;CHOCOLATE BEANS LOLLIPOP;CARAMELO DE SABORES CON CONFETIS DE CHOCOLATE;7 g;SODOMIN;1;30;;
6922240000000;CHINOS;MASMELO;MARSHMALLOW OJITOS;MALVAVISCOS DE SABORES;5 g;SODOMIN;1;40;;
6922240000000;CHINOS;MASMELO;MARSHMALLOW CALABASITAS;MALVAVISCOS DE SABORES;3 g;SODOMIN;1;100;;
6941560000000;CHINOS;CHOCOLATE CREMA;NUTELLO;CHOCOLATE MAS BISCUIT;12 g;SODOMIN;1;30;;
6972890000000;CHINOS;CARAMELO JUGUETE;SORPRESAS;CARAMELOS CON JUGUETE SORPRESA;219 g;SODOMIN;1;30;;
6975330000000;CHINOS;CARAMELO JUGUETE;TROMPETITAS SPEAKER TOY;CARAMELO DURO CON JUGUETE DE TROMPETA;2 g;SODOMIN;1;30;;
7622200000000;MENTOS;CHICLE ;BELDENT;SANDIA;10 g;SODOMIN;1;20;;
7622200000000;MENTOS;CHICLE ;BELDENT;FRUTILLA;10 g;SODOMIN;1;20;;
7222200000000;MENTOS;CHICLE ;BELDENT;MENTOL;10 g;SODOMIN;1;20;;
7622200000000;MENTOS;CHICLE ;BELDENT;MENTA FUERTE;10 g;SODOMIN;1;20;;
7896450000000;MENTOS;PASTILLA;MINTY;CEREZA;17 g;SODOMIN;1;40;;
7896450000000;MENTOS;PASTILLA;MINTY;EXTRA FUERTE;17 g;SODOMIN;1;40;;
7896450000000;MENTOS;PASTILLA;MINTY;FRUTALES;17 g;SODOMIN;1;40;;
7896450000000;MENTOS;PASTILLA;MINTY;FRUTILLA;17 g;SODOMIN;1;40;;
7896450000000;MENTOS;PASTILLA ROLLO;MINTY;EXTRA FUERTE;29 g;SODOMIN;1;16;;
7896450000000;MENTOS;PASTILLA ROLLO;MINTY;STRAWBERRY;29 g;SODOMIN;1;16;;
7896450000000;MENTOS;PASTILLA ROLLO;MINTY;FRUTALES;29 g;SODOMIN;1;16;;
7622210000000;MENTOS;DULCE;HALLS;MENTOL Y EUCALIPTO;302 g;SODOMIN;1;12;;
7622210000000;MENTOS;DULCE;HALLS;CEREZA;302 g;SODOMIN;1;12;;
7702990000000;MENTOS;CHICLE;NEXT;SANDIA;14 g;MADISA;1;24;;
7702990000000;MENTOS;CHICLE;NEXT;FRESA;14 g;MADISA;1;24;;
7702990000000;MENTOS;CHICLE;NEXT;LIMON;14 g;MADISA;1;24;;
7702990000000;MENTOS;CHICLE;NEXT;MENTA;14 g;MADISA;1;24;;
7702010000000;MENTOS;CHICLE;XTIME;MENTA;320 g;SODOMIN;1;100;;
7702010000000;MENTOS;CHICLE;XTIME;EXTRA FUERTE;320 g;SODOMIN;1;100;;
7622210000000;MENTOS;CHICLE;CHICLETS SABORES;SABOR YERBABUENA TUTIFRUTI CANELA;280 g;SODOMIN;1;100;;
7622210000000;MENTOS;CHICLE;CHICLETS ;MENTA AMARILLO;280 g;SODOMIN;1;100;;
7802230000000;CHICLES;CHICLE;GROSSO;MENTA;700 g;SODOMIN;1;100;;
7802230000000;CHICLES;CHICLE;GROSSO;POWER;700 g;SODOMIN;1;100;;
7802230000000;CHICLES;CHICLE;GROSSO;SANDIA;700 g;SODOMIN;1;100;;
7802230000000;CHICLES;CHICLE;GROSSO;BANANA;700 g;SODOMIN;1;100;;
7802230000000;CHICLES;CHICLE;GROSSO;MORA;700 g;SODOMIN;1;100;;
7802230000000;CHICLES;CHICLE;GROSSO;TUTTI FRUTTI;700 g;SODOMIN;1;100;;
7757170000000;CHICLES;CHICLE;GROSSO BOLSA;SABORES SURTIDOS;325 g;SN;1;50;24;
7891120000000;CHICLES;CHICLE RELLENO;POOSH!;TUTTI FRUTI;200 g;SODOMIN;1;40;18;
7891120000000;CHICLES;CHICLE RELLENO;POOSH!;MENTA;200 g;SODOMIN;1;40;18;
7891120000000;CHICLES;CHICLE RELLENO;POOSH!;FRESA;200 g;SODOMIN;1;40;18;
7891150000000;CHICLES;CHICLE RELLENO;CROC;MENTA;172 g;SODOMIN;1;40;20;
7861010000000;CHICLES;CHICLE RELLENO;KATABOOM;FRESA;288 g;MINIOL;1;60;;
7861010000000;CHICLES;CHICLE RELLENO;KATABOOM;SABORES SURTIDOS;288 g;MINIOL;1;60;;
7861010000000;CHICLES;CHICLE ACIDO;SUPER HIPER ACIDO;SABORES SURTIDOS;175 g;MINIOL;1;50;;
7861010000000;CHICLES;CHICLE ACIDO;SUPER HIPER ACIDO;MARACUYA;175 g;MINIOL;1;50;;
7771700000000;CHICLES;CHICLE ACIDO;LUBAGOMA ACID;ACIDO;420 g;CASAL;1;30;;
7771700000000;CHICLES;CHICLE;LUBAGOMABUM;CLASICO;420 g;CASAL;1;30;;
7771700000000;CHICLES;CHICLE;LUBAGOMABUM;MENTA;420 g;CASAL;1;30;;
7771700000000;CHICLES;CHICLE;MINI LUBAGOMABUM;CLASICO;336 g;CASAL;1;30;;
7802230000000;CHICLES;CHICLE;LAAARGO;MENTA;700 g;DOS EN UNO;1;50;8;
7802230000000;CHICLES;CHICLE;LAAARGO;TUTTI FRUTTI;700 g;DOS EN UNO;1;50;8;
7702990000000;CHICLES;CHICLE MASTICABLE;BARRILETE;CARAMELO BLANDO CON SABOR A TUTTI FRUTTI;400 g;MADISA;1;50;18;
7790580000000;CHICLES;CHICLE MASTICABLE;FRUTALES;SABOR BANANA DURAZNO CEREZA MANZANA ;800 g;SODOMIN;1;240;10;
7798040000000;CHICLES;CHICLE MASTICABLE;CREMOSITO;FRAMBUESA MANZANA FRUTILLA CON CHANTILLY;300 g;SODOMIN;1;100;50;
7702990000000;CHICLES;CHICLE ACIDO;REVOLCON HIPER ACIDO;CHICLE RELLENO DE ACIDO;250 g;MADISA;1;50;12;
7773000000000;CHICLES;CHICLE;BOLOOPSS;GOMOA DE MASCAR DE DIFERENTES SABORES;408 g;LIDER;1;120;;
7790580000000;DULCES;DULCE ACIDO;FIZZ EXTREME;CARAMELO CON EFERVECENTE ACIDO;883 g;SODOMIN;1;48;;
7802200000000;DULCES;DULCE GOMITA;FRUGELE GOMITAS;GOMITAS DE GELATINA DE SABORES;430 g;SODOMIN;1;100;;
7896450000000;DULCES;DULCE PASTILLA;PASTILLE;PASTILLAS COLORADAS AROMATIZADAS;385 g;SODOMIN;1;100;;
7771700000000;DULCES;DULCE MASTICABLE;BANDA COLOR;CARAMELO  MASTICABLE DE FRUTAS;370 g;LA ESTRELLA;1;20;;
7896260000000;DULCES;DULCE MASTICABLE;EMBARE DE CHOCOLATE;CARAMELO DE LEITE CHOCOLATE;660 g;SODOMIN;1;100;;
7771700000000;DULCES;DULCE MASTICABLE;CREMALIN TOFFEE DE LECHE;CARANELO DE LECHE CHOCOLTE;900 g;SODOMIN;1;130;;
7891150000000;DULCES;DULCE;AWEET KISS;SABORES SURTIDOS;600 g;SODOMIN;1;100;50;
7771700000000;DULCES;DULCE;CARAMELO SURTIDO;SABORES SURTIDOS;900 g;LA ESTRELLA;1;150;;
7790580000000;DULCES;DULCE;BUTTERN CREAM ;LECHE MILK;810 g;ARCOR;1;180;;
7802200000000;DULCES;DULCE;TOFFE MINT;MENTA;405 g;SODOMIN;1;100;;
7790580000000;DULCES;DULCE;MENTA CHOCOLATE;MENTA CON CHOCOLATE;715 g;SODOMIN;1;135;;
7771700000000;DULCES;DULCE;EUCALIPTO;CARAMELO DURO SABOR EUCALIPTO;950 g;LA ESTRELLA;1;215;;
7757170000000;DULCES;DULCE;ALKA CHERRY;CHERRY;500 g;ARCOR;1;250;;
7757170000000;DULCES;DULCE;ALKA MENTOL;MENTA;500 g;ARCOR;1;250;;
7771700000000;DULCES;DULCE;MIEL LIMON;MIEL Y LIMON;475 g;LA ESTRELLA;1;200;;
7702010000000;DULCES;CHUPETE;BON BON BUM;SURTIDO;336 g;SODOMIN;1;24;15;
7702170000000;DULCES;CHUPETE;YOGUETA;SURTIDO;360 g;SODOMIN;1;24;12;
7771700000000;DULCES;CHUPETE;CHUPA COLA;COLA;570 g;LA ESTRELLA;1;50;;
7771700000000;DULCES;CHUPETE;DULCI VACA;CARAMELO DURO SABOR A LECHE;405 g;LA ESTRELLA;1;50;;
;DULCES;CHUPETE;CHUPETE ARTESANAL;CARAMELOS ARTESANALES DE COLA FANTA Y SPRITE;0;SODOMIN;1;24;50;
7802200000000;GOMITAS;GOMITA FRUTA;AMBERRIES;GOMITA DE GELATINA DE FRESO Y MORA;500 g;SODOMIN;1;20;6;
7802200000000;GOMITAS;GOMITA FRUTA;SANDIA;GOMITA DE GELATINA SABOR SANDIA;500 g;SODOMIN;1;20;6;
7802200000000;GOMITAS;GOMITA;FLIPY;GOMITAS DE GELATINA SABOR FRUTAL;500 g;SODOMIN;1;20;6;
7802200000000;GOMITAS;GOMITA;AMBROSITO;GOMITAS DE GELATINA SABOR FRUTALES;500 g;SODOMIN;1;20;6;
7802230000000;GOMITAS;GOMITA ACIDA;MOGUL XTREME;GOMITA DE SABORES ACIDOS;300 g;SODOMIN;1;12;;
7790580000000;GOMITAS;GOMITA;MOGUL OSITO;GOMITA DE SABORES;300 g;SODOMIN;1;12;;
7702990000000;GOMITAS;GOMITA ;TRULULU FEROZ;GOMITAS SABOR FRUTAL;450 g;MADISA;1;25;;
7702990000000;GOMITAS;GOMITA;TRULULU SPLASH;GOMITA FRUTAL CON LIQUIDO; ;MADISA;1;;24;
7702990000000;GOMITAS;GOMITA;TRULULU BANANOS;GOMITAS SABOR FRUTAL;70 g;MADISA;1;;24;
7702990000000;GOMITAS;GOMITA;TRULULU FEROZ MINI;GOMITAS SABOR FRUTAL;70 g;MADISA;1;;24;
7702990000000;GOMITAS;GOMITA;TRULULU MASMELOS;MASMELOS CON RELLENO SABOR CEREZA;50 g;MADISA;1;;24;
7702990000000;GOMITAS;GOMITA;TRULULU MONSTRY;GOMITAS SABOR FRUTAS;75 g;MADISA;1;;24;
7702990000000;GOMITAS;GOMITA;TRULULU CASQUITOS;GOMITAS SABOR FRUTAL;70 g;MADISA;1;;24;
7702170000000;GOMITAS;GOMITA;TRULULU PLAY;GOMITAS DE GELATINA FRUTAL;55 g;MADISA;1;;24;
7702990000000;GOMITAS;GOMITA;TRULULU FRUWI;GOMITAS JUGOSAMENTE FRUTAL;50 g;MADISA;1;;24;
7702990000000;GOMITAS;GOMITAS;TRULULU AROS;GOMITAS SABOR FRUTAL;80 g;MADISA;1;;24;
7702990000000;GOMITAS;GOMITA;TRULULU GUSANOS;GOMITAS SABOR ACIDO;70 g;MADISA;1;;24;
7702990000000;GOMITAS;GOMITA;TRULULU DINOS;GOMITAS SABOR FRUTAL;80 g;MADISA;1;;24;
7702990000000;GOMITAS;GOMITA;TRULULU MINI AROS;GOMITAS SABOR FRUTAL;40 g;MADISA;1;;24;
7771610000000;BEBIDAS;GASEOSA;COCA COLA NO RET 3L ;COCA COLA NO RETORNABLE DE 3 LITRO;3000 ml;COCA COLA;1;;6;
7771610000000;BEBIDAS;GASEOSA;COCA COLA NO RET 2.5L;COCA COLA NO RETORNABLE DE 2.5 LITRO;2500 ml;COCA COLA;1;;6;
77716088;BEBIDAS;GASEOSA;COCA COLA NO RET 2L;COCA COLA NO RETORNABLE DE 2 LITRO;2000 ml;COCA COLA;1;;6;
77716064;BEBIDAS;GASEOSA;COCA COLA NO RET 500 ML;COCA COLA NO RETORNABLE DE 500 MILI LITRO;500 ml;COCA COLA;1;;6;
;BEBIDAS;GASEOSA;COCA COLA NO RET 300 ML;COCA COLA NO RETORNABLE DE 300 MILI LITROS;300 ml;COCA COLA;1;;6;
7771610000000;BEBIDAS;GASEOSA;COCO COLA RET PET 2.5L;COCA COLA RETORNABLE PET DE 2.5 LITROS ;2500 ml;COCA COLA;1;;6;
7771610000000;BEBIDAS;GASEOSA;COCO COLA RET PET 2L;COCA COLA RETORNABLE PET DE 2 LITROS ;2000 ml;COCA COLA;1;;6;
7771610000000;BEBIDAS;GASEOSA;COCO COLA RET VID 1.5L;COCA COLA RETORNABLE VIDRIO DE 1.5 LITROS ;1500 ml;COCA COLA;1;;6;
;BEBIDAS;GASEOSA;COCO COLA RET VID 190 ML PERSONAL;COCA COLA RETORNABLE VIDRIO DE 190 ML PERSONAL;190 ml;COCA COLA;1;;24;
;BEBIDAS;GASEOSA;FANTA NARANJA NARANJA NO RET 3L ;FANTA NARANJA NO RETORNABLE DE 3 LITRO;3000 ml;COCA COLA;1;;6;
;BEBIDAS;GASEOSA;FANTA NARANJA NO RET 2.5L;FANTA NARANJA NO RETORNABLE DE 2.5 LITRO;2500 ml;COCA COLA;1;;6;
;BEBIDAS;GASEOSA;FANTA NARANJA NO RET 2L;FANTA NARANJA NO RETORNABLE DE 2 LITRO;2000 ml;COCA COLA;1;;6;
;BEBIDAS;GASEOSA;FANTA NARANJA NO RET 500 ML;FANTA NARANJA NO RETORNABLE DE 500 MILI LITRO;500 ml;COCA COLA;1;;6;
;BEBIDAS;GASEOSA;FANTA NARANJA NO RET 300 ML;FANTA NARANJA NO RETORNABLE DE 300 MILI LITROS;300 ml;COCA COLA;1;;6;
;BEBIDAS;GASEOSA;FANTA NARANJA RET PET 2.5L;FANTA NARANJA RETORNABLE PET DE 2.5 LITROS ;2500 ml;COCA COLA;1;;6;
;BEBIDAS;GASEOSA;FANTA NARANJA RET PET 2L;FANTA NARANJA RETORNABLE PET DE 2 LITROS ;2000 ml;COCA COLA;1;;6;
7771610000000;BEBIDAS;GASEOSA;FANTA NARANJA RET VID 1.5L;FANTA NARANJA RETORNABLE VIDRIO DE 1.5 LITROS ;1500 ml;COCA COLA;1;;6;
;BEBIDAS;GASEOSA;FANTA NARANJA RET VID 190 ML PERSONAL;FANTA NARANJA RETORNABLE VIDRIO DE 190 ML PERSONAL;190 ml;COCA COLA;1;;24;
;BEBIDAS;GASEOSA;FANTA MANDARINA NARANJA NO RET 3L ;FANTA MANDARINA NO RETORNABLE DE 3 LITRO;3000 ml;COCA COLA;1;;6;
;BEBIDAS;GASEOSA;FANTA MANDARINA NO RET 2.5L;FANTA MANDARINA NO RETORNABLE DE 2.5 LITRO;2500 ml;COCA COLA;1;;6;
;BEBIDAS;GASEOSA;FANTA MANDARINA NO RET 2L;FANTA MANDARINA NO RETORNABLE DE 2 LITRO;2000 ml;COCA COLA;1;;6;
;BEBIDAS;GASEOSA;FANTA MANDARINA NO RET 500 ML;FANTA MANDARINA NO RETORNABLE DE 500 MILI LITRO;500 ml;COCA COLA;1;;6;
;BEBIDAS;GASEOSA;FANTA MANDARINA NO RET 300 ML;FANTA MANDARINA NO RETORNABLE DE 300 MILI LITROS;300 ml;COCA COLA;1;;6;
;BEBIDAS;GASEOSA;FANTA MANDARINA RET PET 2.5L;FANTA MANDARINA RETORNABLE PET DE 2.5 LITROS ;2500 ml;COCA COLA;1;;6;
;BEBIDAS;GASEOSA;FANTA MANDARINA RET PET 2L;FANTA MANDARINA RETORNABLE PET DE 2 LITROS ;2000 ml;COCA COLA;1;;6;
;BEBIDAS;GASEOSA;FANTA MANDARINA RET VID 1.5L;FANTA MANDARINA RETORNABLE VIDRIO DE 1.5 LITROS ;1500 ml;COCA COLA;1;;6;
;BEBIDAS;GASEOSA;FANTA MANDARINA RET VID 190 ML PERSONAL;FANTA MANDARINA RETORNABLE VIDRIO DE 190 ML PERSONAL;190 ml;COCA COLA;1;;24;
;BEBIDAS;GASEOSA;FANTA GUARANA NARANJA NO RET 3L ;FANTA GUARANA NO RETORNABLE DE 3 LITRO;3000 ml;COCA COLA;1;;6;
;BEBIDAS;GASEOSA;FANTA GUARANA NO RET 2.5L;FANTA GUARANA NO RETORNABLE DE 2.5 LITRO;2500 ml;COCA COLA;1;;6;
;BEBIDAS;GASEOSA;FANTA GUARANA NO RET 2L;FANTA GUARANA NO RETORNABLE DE 2 LITRO;2000 ml;COCA COLA;1;;6;
;BEBIDAS;GASEOSA;FANTA GUARANA NO RET 500 ML;FANTA GUARANA NO RETORNABLE DE 500 MILI LITRO;500 ml;COCA COLA;1;;6;
;BEBIDAS;GASEOSA;FANTA GUARANA NO RET 300 ML;FANTA GUARANA NO RETORNABLE DE 300 MILI LITROS;300 ml;COCA COLA;1;;6;
;BEBIDAS;GASEOSA;FANTA GUARANA RET PET 2.5L;FANTA GUARANA RETORNABLE PET DE 2.5 LITROS ;2500 ml;COCA COLA;1;;6;
;BEBIDAS;GASEOSA;FANTA GUARANA RET PET 2L;FANTA GUARANA RETORNABLE PET DE 2 LITROS ;2000 ml;COCA COLA;1;;6;
;BEBIDAS;GASEOSA;FANTA GUARANA RET VID 1.5L;FANTA GUARANA RETORNABLE VIDRIO DE 1.5 LITROS ;1500 ml;COCA COLA;1;;6;
;BEBIDAS;GASEOSA;FANTA GUARANA RET VID 190 ML PERSONAL;FANTA GUARANA RETORNABLE VIDRIO DE 190 ML PERSONAL;190 ml;COCA COLA;1;;24;
;BEBIDAS;GASEOSA;SPRITE NO RET 3L ;SPRITE NO RETORNABLE DE 3 LITRO;3000 ml;COCA COLA;1;;6;
;BEBIDAS;GASEOSA;SPRITE NO RET 2.5L;SPRITE NO RETORNABLE DE 2.5 LITRO;2500 ml;COCA COLA;1;;6;
;BEBIDAS;GASEOSA;SPRITE NO RET 2L;SPRITE NO RETORNABLE DE 2 LITRO;2000 ml;COCA COLA;1;;6;
777166071;BEBIDAS;GASEOSA;SPRITE NO RET 500 ML;SPRITE NO RETORNABLE DE 500 MILI LITRO;500 ml;COCA COLA;1;;6;
;BEBIDAS;GASEOSA;SPRITE NO RET 300 ML;SPRITE NO RETORNABLE DE 300 MILI LITROS;300 ml;COCA COLA;1;;6;
;BEBIDAS;GASEOSA;SPRITE RET PET 2.5L;SPRITE RETORNABLE PET DE 2.5 LITROS ;2500 ml;COCA COLA;1;;6;
;BEBIDAS;GASEOSA;SPRITE RET PET 2L;SPRITE RETORNABLE PET DE 2 LITROS ;2000 ml;COCA COLA;1;;6;
;BEBIDAS;GASEOSA;SPRITE RET VID 1.5L;SPRITE RETORNABLE VIDRIO DE 1.5 LITROS ;1500 ml;COCA COLA;1;;6;
;BEBIDAS;GASEOSA;SPRITE RET VID 190 ML PERSONAL;SPRITE RETORNABLE VIDRIO DE 190 ML PERSONAL;190 ml;COCA COLA;1;;124;
;BEBIDAS;JUGO;AQUARIUS PERA NO RET 3L;AQUARIUS  SABOR PERA NO RETORNABLE DE 3 LITROS;3000 ml;COCA COLA;1;;6;
7771610000000;BEBIDAS;JUGO;AQUARIUS PERA NO RET 2L;AQUARIUS SABOR PERA NO RETORNABLE DE 2 LITROS;2000 ml;COCA COLA;1;;6;
;BEBIDAS;JUGO;AQUARIUS PERA NO RET 500 ML;AQUARIUS SABOR PERA NO RETORNABLE DE 500 MILI LITROS;500 ml;COCA COLA;1;;6;
;BEBIDAS;JUGO;AQUARIUS PERA NO RET 300 ML;AQUARIUS SABOR PERA NO RETORNABLE DE 300 MILI LITROS;300 ml;COCA COLA;1;;6;
7771610000000;BEBIDAS;JUGO;AQUARIUS MANZANA NO RET 3L;AQUARIUS  SABOR MANZANA NO RETORNABLE DE 3 LITROS;3000 ml;COCA COLA;1;;6;
;BEBIDAS;JUGO;AQUARIUS MANZANA NO RET 2L;AQUARIUS SABOR MANZANA NO RETORNABLE DE 2 LITROS;2000 ml;COCA COLA;1;;6;
;BEBIDAS;JUGO;AQUARIUS MANZANA NO RET 500 ML;AQUARIUS SABOR MANZANA NO RETORNABLE DE 500 MILI LITROS;500 ml;COCA COLA;1;;6;
;BEBIDAS;JUGO;AQUARIUS MANZANA NO RET 300 ML;AQUARIUS SABOR MANZANA NO RETORNABLE DE 300 MILI LITROS;300 ml;COCA COLA;1;;6;
7771610000000;BEBIDAS;GASEOSA;SIMBA POMELO NO RET 2L;SIMBA SABOR POMELO NO RETORNABLE DE 2 LITROS;2000 ml;COCA COLA;1;;6;
;BEBIDAS;GASEOSA;SIMBA DURASNO NO RET 2L;SIMBA SABOR POMELO NO RETORNABLE DE 2 LITROS;2000 ml;COCA COLA;1;;6;
;BEBIDAS;GASEOSA;SIMBA MANZANA NO RET 2L;SIMBA SABOR POMELO NO RETORNABLE DE 2 LITROS;2000 ml;COCA COLA;1;;6;
;BEBIDAS;GASEOSA;SIMBA PIÑA NO RET 2L;SIMBA SABOR POMELO NO RETORNABLE DE 2 LITROS;2000 ml;COCA COLA;1;;6;
7771610000000;BEBIDAS;JUGO;DEL VALLE MANZANA NO RET 2L;DEL VALLE SABOR MANZANA NO RETORNABLE DE 2 LITROS;2000 ml;COCA COLA;1;;6;
7771610000000;BEBIDAS;AGUA;VITAL NO RET 3L;AGUA VITAL NO RETORNABLE DE 3 LITROS;3000 ml;COCA COLA;1;;6;
;BEBIDAS;AGUA;VITAL NO RET 2L;AGUA VITAL NO RETORNABLE DE 2 LITROS;2000 ml;COCA COLA;1;;6;
;BEBIDAS;AGUA;VITAL NO RET 500 ML;AGUA VITAL NO RETORNABLE DE 500 MILI LITROS;500 ml;COCA COLA;1;;6;
7771610000000;BEBIDAS;AGUA;VITAL NO RET 300 ML;AGUA VITAL NO RETORNABLE DE 300 MILI LITROS;300 ml;COCA COLA;1;;6;
7771610000000;BEBIDAS;JUGO;ADES MANZANA CARTON 1L;JUGO DE SOYA SABOR MANZANA CARTON DE 1 LITRO;1000 ml;COCA COLA;1;;6;
;BEBIDAS;JUGO;ADES DURAZNO CARTON 1L;JUGO DE SOYA SABOR DURAZNO CARTON DE 1 LITRO;1000 ml;COCA COLA;1;;6;
7771610000000;BEBIDAS;JUGO;ADES MANZANA CARTON 200 ML ESCOLAR;JUGO DE SOYA SABOR MANZANA CARTON DE 200 MILI LITROS;200 ml;COCA COLA;1;6;4;
;BEBIDAS;JUGO;ADES DURAZNO CARTON 200 ML ESCOLAR;JUGO DE SOYA SABOR DURAZNO CARTON DE 200 NILI LITROS;200 ml;COCA COLA;1;6;4;
7771610000000;BEBIDAS;JUGO;DEL VALLE DURAZNO CARTON 200 ML ESCOLAR;JUGO DEL VALLE SABOR DURAZNO CARTON DE 200 MILI LITROS ESCOLAR;200 ml;COCA COLA;1;6;4;
7771610000000;BEBIDAS;JUGO;DEL VALLE MANZANA CARTON 200 ML ESCOLAR;JUGO DEL VALLE SABOR MANZANA CARTON DE 200 MILI LITROS ESCOLAR;200 ml;COCA COLA;1;6;4;
;BEBIDAS;GASEOSA;COKA QUINA NO RET 3L;COKA QUINA NO RETORNABLE DE 3 LITROS;3000 ml;CASCADA;1;;6;
;BEBIDAS;GASEOSA;COKA QUINA NO RET 2L;COKA QUINA NO RETORNABLE DE 2 LITROS;2000 ml;CASCADA;1;;6;
;BEBIDAS;GASEOSA;COKA QUINA NO RET 1L;COKA QUINA NO RETORNABLE DE 1 LITROS;1000 ml;CASCADA;1;;6;
;BEBIDAS;GASEOSA;COKA QUINA NO RET 500 ML;COKA QUINA NO RETORNABLE DE 500 MILI LITROS;500 ml;CASCADA;1;;6;
;BEBIDAS;GASEOSA;COKA QUINA NO RET 300 ML;COKA QUINA NO RETORNABLE DE 300 MILI LITROS;300 ml;CASCADA;1;;6;
7772120000000;BEBIDAS;GASEOSA;SALVIETTI NO RET 3L;SALVIETTI NO RETORNABLE DE 3 LITROS;3000 ml;SALVIETTI;1;;6;
;BEBIDAS;GASEOSA;SALVIETTI NO RET 2L;SALVIETTI NO RETORNABLE DE 2 LITROS;2000 ml;SALVIETTI;1;;6;
;BEBIDAS;GASEOSA;SALVIETTI NO RET 1L;SALVIETTI NO RETORNABLE DE 1 LITROS;1000 ml;SALVIETTI;1;;6;
;BEBIDAS;GASEOSA;SALVIETTI NO RET 500 ML;SALVIETTI NO RETORNABLE DE 500 MILI LITROS;500 ml;SALVIETTI;1;;6;
;BEBIDAS;GASEOSA;SALVIETTI NO RET 300 ML;SALVIETTI NO RETORNABLE DE 300 MILI LITROS;300 ml;SALVIETTI;1;;6;
7771220000000;BEBIDAS;JUGO ;TAMPICO MANGO NO RET 3L;TAMPICO SABOR MANGO NO RETORNABLE DE 2 LITROS;3000 ml;DELIZIA;1;;6;
;BEBIDAS;JUGO ;TAMPICO NARANJA NO RET 3L;TAMPICO SABOR NARANAJA NO RETORNABLE DE 2 LITROS;3000 ml;DELIZIA;1;;6;
;BEBIDAS;JUGO ;TAMPICO PLATANO PIÑA NO RET 3L;TAMPICO SABOR PLATANO CON PIÑA NO RETORNABLE DE 2 LITROS;3000 ml;DELIZIA;1;;6;
;BEBIDAS;JUGO ;TAMPICO MANGO NO RET 2.5L;TAMPICO SABOR MANGO NO RETORNABLE DE 2 LITROS;2500 ml;DELIZIA;1;;6;
;BEBIDAS;JUGO ;TAMPICO NARANJA NO RET 2.5L;TAMPICO SABOR NARANAJA NO RETORNABLE DE 2 LITROS;2500 ml;DELIZIA;1;;6;
;BEBIDAS;JUGO ;TAMPICO PLATANO PIÑA NO RET 2.5L;TAMPICO SABOR PLATANO CON PIÑA NO RETORNABLE DE 2 LITROS;2500 ml;DELIZIA;1;;6;
;BEBIDAS;JUGO ;TAMPICO MANGO NO RET 2L;TAMPICO SABOR MANGO NO RETORNABLE DE 2 LITROS;2000 ml;DELIZIA;1;;6;
;BEBIDAS;JUGO ;TAMPICO NARANJA NO RET 2L;TAMPICO SABOR NARANAJA NO RETORNABLE DE 2 LITROS;2000 ml;DELIZIA;1;;6;
;BEBIDAS;JUGO ;TAMPICO PLATANO PIÑA NO RET 2L;TAMPICO SABOR PLATANO CON PIÑA NO RETORNABLE DE 2 LITROS;2000 ml;DELIZIA;1;;6;
7771610000000;BEBIDAS;AGUA;AGUA SPORT NO RET 1.5L;AGUA SPORT SABOR LIMON NO RETORNABLE DE 1.5 LITROS;1500 ml;CASCADA;1;;6;
7771800000000;INFUCIONES;TE;TE CEYLAN;TE NEGRO Y CLAVO DE OLOR;125 g;HANSA;1;100;;
7771800000000;INFUCIONES;TE;TE CEYLAN;TE NEGRO CON SABOR A CANELA;125 g;HANSA;1;100;;
7773000000000;INFUCIONES;TE;TE PARIS GRANDE;TE DE CANELA Y CLAVO DE OLOR;125 g;LIDER;1;100;10;
7773000000000;INFUCIONES;TE;TE PARIS CANELA;TE DE CANELA;25 g;LIDER;1;20;50;
7773000000000;INFUCIONES;TE;TE PARIS LIMON;TE DE LIMON;25 g;LIDER;1;20;50;
7771800000000;INFUCIONES;TE;WINDSOR CANELA;TE CON CANELA;221 g;ALICORP;1;130;20;
7771800000000;INFUCIONES;MATE;WINDSOR MIX MATE;MATE DE COCA MANZANILLA TRIMATE ANIS;115 g;ALICORP;1;100;20;
7771800000000;INFUCIONES;MATE;WINDSOR MANZANILLA;MATE DE MANZANILLA;90 g;ALICORP;1;100;20;
7771800000000;INFUCIONES;MATE;WINDSOR ANIS;MATE DE ANIS;140 g;ALICORP;1;100;20;
7771800000000;INFUCIONES;MATE;WINDSOR TRIMATE;MATE DE TRIMATE;140 g;ALICORP;1;100;20;
7771210000000;SALSAS;MAYONESA;MAYONESA KRIS SACHET PEQUEÑO;MAYONESA CLASICA;47 g;VENADO;1;25;;
7771210000000;SALSAS;MOSTAZA;MOSTAZA KRIS SACHET PEQUEÑO;MOSTAZA ORIGINAL;47 g;VENADO;1;25;;
7771210000000;SALSAS;KETCHUP;KETCHUP KRIS SACHET PEQUEÑO;KETCHUP ORIGINAL;47 g;VENADO;1;25;;
7771210000000;SALSAS;MAYONESA;MAYONESA PICANTE KRIS;MAYONESA PICANTE;47 g;VENADO;1;25;;
7771210000000;SALSAS;MAYONESA;MAYONESA KRIS SACHET MEDIANO;MAYONESA CLASICA;225 g;VENADO;1;;24;
7771210000000;SALSAS;MOSTAZA;MOSTAZA KRIS  SACHET MEDIANO;MOSTAZA ORIGINAL;200 g;VENADO;1;;24;
7771210000000;SALSAS;KETCHUP;KETCHUP KRIS SACHET MEDIANO;KETCHUP ORIGINAL;200 g;VENADO;1;;24;
7770020000000;SALSAS;SALSA;SALSA SOYA CHAWEI PEQUEÑA;SALSA DE SOYA ;250 ml;;1;;;
7770020000000;SALSAS;SALSA;SALSA SOYA CHAWEI MEDIANA;SALSA DE SOYA ;500 g;;1;;24;
7804920000000;ASEO PERSONAL;SHAMPOO;BALLERINA PALTA;CABELLO SECO Y DAÑADO;750 ml;PROESA;1;;12;
7804920000000;ASEO PERSONAL;SHAMPOO;BALLERINA GRANADA;CABELLO MALTRATADO Y TEÑIDO;750 ml;PROESA;1;;12;
;ASEO PERSONAL;SHAMPOO;BALLERINA MANZANILLA;;750 ml;PROESA;1;;12;
;ASEO PERSONAL;SHAMPOO;BALLERINA BEBE;;750 ml;PROESA;1;;12;
;ASEO PERSONAL;SHAMPOO;BALLERINA ALOE VERA;;750 ml;PROESA;1;;12;
7804920000000;ASEO PERSONAL;ACONDICIONADOR;BALLERINA MANZANILLA;CABELLO CLARO;750 ml;PROESA;1;;12;
7804920000000;ASEO PERSONAL;ACONDICIONADOR;BALLERINA PALTA;CABELLO SECO Y DAÑADO;750 ml;PROESA;1;;12;
7779970000000;ASEO PERSONAL;SHAMPOO;SEDAL AZUL BOLSA TAPA;ZERO CASPA;850 ml;UNILEVER;1;;12;
7506310000000;ASEO PERSONAL;SHAMPOO;SEDAL BOTELLA;CONTROL CASPA ALOE VERA;650 ml;UNILEVER;1;;12;
7774900000000;ASEO PERSONAL;SHAMPOO;CARISSA ALOE VERA;CABELLOS FINOS Y DEBILES;800 ml;LURI;1;;12;
7774900000000;ASEO PERSONAL;SHAMPOO;CARISSA ANTICAIDA;REDUCE EL QUIEBRE CAPILAR;800 ml;LURI;1;;12;
7774900000000;ASEO PERSONAL;ACONDICIONADOR;CARISSA ANTICAIDA;REDUCE EL QUIEBRE CAPILAR;800 ml;LURI;1;;12;
7775000000000;ASEO PERSONAL;JABON LIQUIDO;LIZ ANTIBACTERIAL SACHET;GLICERINA HUMECTANTE PARA MANOS Y CUERPO;900 ml;UNILEVER;1;;12;
7775000000000;ASEO PERSONAL;JABON LIQUIDO;LIZ ANTIBACTERIAL BOTE;GLICERINA HUMECTANTE PARA MANOS Y CUERPO;360 ml;UNILEVER;1;;24;
7775000000000;ASEO PERSONAL;JABON LIQUIDO;LIZ RELAJANTE BOTE;GLICERINA HUMECTANTE PARA MANOS Y CUERPO;360 ml;UNILEVER;1;;24;
7771210000000;ASEO PERSONAL;JABON LIQUIDO;SHABAY HUMECTANTE;PARA MANOS;1000 ml;VENADO;1;;12;
7771210000000;ASEO PERSONAL;JABON LIQUIDO;SHABAY PARA NIÑOS;PARA MANOS;1000 ml;VENADO;1;;12;
7771210000000;ASEO PERSONAL;JABON LIQUIDO;SHABAY ANTIBACTERIAL PQ;PARA MANOS;370 ml;VENADO;1;;24;
7771210000000;ASEO PERSONAL;JABON LIQUIDO;SHABAY NIÑOS PQ;PARA MANOS;370 ml;VENADO;1;;24;
7771210000000;ASEO PERSONAL;JABON LIQUIDO;SHABAY NUTRITIVO PQ;PARA MANOS;370 ml;VENADO;1;;24;
7771210000000;ASEO PERSONAL;JABON LIQUIDO;SHABAY HUMECTANTE PQ;PARA MANOS;370 ml;VENADO;1;;24;
7774900000000;LIMPIEZA COCINA;LAVAVAJILLAS;TODO BRILLO;LIMON;950 ml;LURI;1;;12;
7774900000000;LIMPIEZA COCINA;SACA GRASA;TODO BRILLO;ESPUMA ACTIVA;830 ml;LURI;1;;12;
7779970000000;LIMPIEZA COCINA;LAVAVAJILLAS;OLA;LIMON;1050 ml;UNILEVER;1;;12;
7778870000000;LIMPIEZA COCINA;LAVAVAJILLAS;OLA PQ;LIMON;600 ml;UNILEVER;1;;12;
7771210000000;LIMPIEZA COCINA;LAVAVAJILLAS;BRISTAR;LIMON;1050 ml;VENADO;1;;6;
7771210000000;LIMPIEZA COCINA;LAVAVAJILLAS;BRIDTAR PQ;LIMOCITRON;600 ml;VENADO;1;;6;
7775000000000;LIMPIEZA COCINA;LIMPIA HORNOS;OLA MAXIMUS;LIMPIA HORNOS;830 ml;UNILEVER;1;;12;
7775000000000;LIMPIEZA COCINA;LIMPIA VIDRIOS;OLA MAXIMUS;LIMPIA VIDRIOS MULTIUSO;900 ml;UNILEVER;1;;12;
7775000000000;LIMPIEZA COCINA;LUSTRAMUEBLES;OLA BRILLANTE;PARA MUEBLES;830 ml;UNILEVER;1;;12;
;LIMPIEZA COCINA;LAVAVAJILLAS;OLA SACHET;LIMON;1000 ml;UNILEVER;1;;12;
7779970000000;LIMPIEZA COCINA;LAVAVAJILLAS;OLA BIDON;LIMON ;5000 ml;UNILEVER;1;;;
;CONDIMENTOS;AJO ;AJO EL CHASQUI;AJO MOLIDO;10 g;EL CHASQUI;1;10;6;
;CONDIMENTOS;AJI;AJI AMARILLO PICANTE;AJI PICANTE;9 g;EL CHASQUI;1;10;6;
;CONDIMENTOS;AJI;AJI AMARILLO;AJI SIN PICANTE;9 g;EL CHASQUI;1;10;6;
;CONDIMENTOS;AJI;AJI ROJO PAPRIKA;AJI ROJO;10 g;EL CHASQUI;1;10;6;
;CONDIMENTOS;AJI;AJI ROJO PAPRIKA PICANTE;AJI ROJO;10 g;EL CHASQUI;1;10;6;
;CONDIMENTOS;COMINO;COMINO EL CHASQUI;COMINO MOLIDO;10 g;EL CHASQUI;1;10;6;
;CONDIMENTOS;PIMIENTA;PIMIENTA NEGRA;PIMIENTA NEGRA MOLIDA;7 g;EL CHASQUI;1;10;6;
;CONDIMENTOS;LOCOTO;LOCOTO EL CHASQUI;LOCOTO MOLIDO;5 g;EL CHASQUI;1;10;6;
;CONDIMENTOS;CURCUMA;PALILLO CURCUMA;CURCUMA MOLIDA;10 g;EL CHASQUI;1;10;6;
;CONDIMENTOS;OREGANO;OREGANO MOLIDO;OREGANO DESHIDRATADO Y MOLIDO;7 g;EL CHASQUI;1;10;6;
;CONDIMENTOS;CALDO;DOÑA GUSTA GALLINA;CALDO SABOR GALLINA;7 g;AJI NOMOTO;1;10;6;
;CONDIMENTOS;CALDO;DOÑA GUSTA COSTILLA;CALDO SABOR COSTILLA DE RES;7 g;AJI NOMOTO;1;10;6;
;CONDIMENTOS;AJI;AJI AMARILLO S´RIICC;AJI AMARILLO  SIN PICANTE;9 g;EL CHASQUI;1;;90;
736373000000;CONDIMENTOS; COMINO;COMINO TIERRA NUESTRA;COMINO MOLIDO EN FRASCO;50 g;MADISA;1;;;
736373000000;CONDIMENTOS;AJO ;AJO TIERRA NUESTRA;AJO MOLIDO EN FRASCO;50 g;MADISA;1;;;
736373000000;CONDIMENTOS;CURCUMA;CURCUMA TIERRA NUESTRA;CURCUMA EN POLVO EN FRASCO;50 g;MADISA;1;;;
736373000000;CONDIMENTOS;PIMIENTA;PIMIENTA TIERRA NUESTRA;PIMIENTA EN POLVO EN FRASCO;50 g;MADISA;1;;;
736373000000;CONDIMENTOS;JENGIBRE;JENGIBRE TIERRA NUESTRA;JENGIBRE EN POLVO EN FRASCO;50 g;MADISA;1;;;
7776510000000;PAPEL;HIGIENICO;PERLITA PLUS X6;PAPEL DOBLE HOJA;6 r;VINTO;1;6;8;
7776570000000;PAPEL;HIGIENICO;PERLITA PLUS X12;PAPEL DOBLE HOJA;12 r;VINTO;1;12;4;
7776570000000;PAPEL;HIGIENICO;PERLITA MEGA X6;PAPEL DOBLE HOJA;6 r;VINTO;1;6;8;
;PAPEL;HIGIENICO;PERLITA MEGA X12;PAPEL DOBLE HOJA;12 r;VINTO;1;12;4;
;PAPEL;HIGIENICO;PERLITA MEGASOFT X6;PAPEL DOBLE HOJA;6 r;VINTO;1;6;8;
7776570000000;PAPEL;HIGIENICO;PERLITA MEGASOFT X12;PAPEL DOBLE HOJA;12 r;VINTO;1;12;4;
7776570000000;PAPEL;HIGIENICO;PERLITA ECO 2X10;PAPEL DOBLE HOJA;20 r;VINTO;1;2;10;
7776570000000;PAPEL;HIGIENICO;PERLITA ECO 4X10;PAPEL DOBLE HOJA;40 r;VINTO;1;4;10;
;PAPEL;HIGIENICO;PERLITA EXTRA 2X10;PAPEL DOBLE HOJA;20 r;VINTO;1;2;10;
;PAPEL;HIGIENICO;NACIONAL CLASICA;PAPEL DOBLE HOJA;12;VINTO;1;;12;
7776510000000;PAPEL;HIGIENICO;NACIONAL CLASICA X12;PAPEL DOBLE HOJA;24 r;COPELME;1;12;2;
7776510000000;PAPEL;HIGIENICO;NACIONAL CLASICA X6;PAPEL DOBLE HOJA;48 r;COPELME;1;6;8;
7776510000000;PAPEL;HIGIENICO;NACIONAL BALANCE X6;PAPEL HIGIENICO VERDE;48r;COPELME;1;6;8;
;PAPEL;HIGIENICO;NACIONAL MEGA ROLLO ;PAPEL HIGIENICO MEGA ROOLO 2en1;12r;COPELME;1;;12;
;PAPEL;HIGIENICO;SUPER JUNIOR;PAPEL HIGIENICO ECOLOGICO;20 r;COPELME;1;;20;
;PAPEL;HIGIENICO;SUPER ECONOMICO;PAPEL HIGIENICO;20 r;COPELME;1;;20;
;PAPEL;HIGIENICO;EXCELSIOR;PAPEL DOBLE HOJA;20r;COPELME;1;;20;
7779970000000;LIMPIEZA;DETERGENTE POLVO;SKIP EVOLUTION;FORMULA ESPECIAL PARA LAVADORA;3,8 kg;UNILEVER;1;;;
7750240000000;LIMPIEZA;DETERGENTE POLVO;UNO;FRESCURA LIMON FORMULA 5en1;700g;;1;;;
7750240000000;LIMPIEZA;DETERGENTE POLVO;UNO;ARMONIA FLORAL;700 g;;1;;;
7750240000000;LIMPIEZA;DETERGENTE POLVO;UNO;SUAVIDAD DE COCO;700 g;;1;;;
7779970000000;LIMPIEZA;DETERGENTE POLVO;OMO;LIMON CON BICARVONATO;4,8 kg;UNILEVER;1;;;
7779970000000;LIMPIEZA;DETERGENTE POLVO;OMO 1 KILO;LIMON CON BICARVONATO;1 K;UNILEVER;1;;;
7779970000000;LIMPIEZA;DETERGENTE POLVO;OMO PEQUEÑO;LIMON CON BICARVONATO;150 g;UNILEVER;1;;;
;LIMPIEZA;DETERGENTE POLVO;;;;;1;;;
7774900000000;LIMPIEZA;DETERGENTE POLVO;TODO BRILLO PEQUEÑO;FLORAL MULTIUSO;140 g;;1;;;
7774900000000;LIMPIEZA;DETERGENTE POLVO;TODO BRILLO 700;FRORAL CON TOQUE SUAVIZANTE;700 g;;1;;;
;LIMPIEZA;DETERGENTE POLVO;TODO BRILLO 2 KILOS;FRORAL CON TOQUE SUAVIZANTE;2 Kg;;;;;
;LIMPIEZA;DETERGENTE POLVO;TODO BRILLO 3.5 KILOS;FRORAL CON TOQUE SUAVIZANTE;3,5 Kg;;;;;
;LIMPIEZA;DETERGENTE POLVO;TODO BRILLO 5 KILOS;FRORAL CON TOQUE SUAVIZANTE;5 Kg;;;;;
7774900000000;LIMPIEZA;DETERGENTE POLVO;TODO BRILLO 10 KILOS;FRORAL CON TOQUE SUAVIZANTE;10 Kg;;1;;;
7774900000000;LIMPIEZA;DETERGENTE POLVO;TODO BRILLO PEQUEÑO;LIMON MULTIUSO;140 g;;1;;;
;LIMPIEZA;DETERGENTE POLVO;TODO BRILLO 700;LIMON CON TOQUE SUAVIZANTE;700 g;;;;;
;LIMPIEZA;DETERGENTE POLVO;TODO BRILLO 2 KILOS;LIMON CON TOQUE SUAVIZANTE;2 Kg;;;;;
;LIMPIEZA;DETERGENTE POLVO;TODO BRILLO 3.5 KILOS;LIMON CON TOQUE SUAVIZANTE;3,5 Kg;;;;;
;LIMPIEZA;DETERGENTE POLVO;TODO BRILLO 5 KILOS;LIMON CON TOQUE SUAVIZANTE;5 Kg;;;;;
;LIMPIEZA;DETERGENTE POLVO;TODO BRILLO PEQUEÑO;ORIGINAL;140 g;;;;;
;LIMPIEZA;DETERGENTE POLVO;TODO BRILLO 700;ORIGINAL CON TOQUE SUAVIZANTE;700 g;;;;;
;LIMPIEZA;DETERGENTE POLVO;TODO BRILLO 2 KILOS;ORIGINAL CON TOQUE SUAVIZANTE;2 Kg;;;;;
;LIMPIEZA;DETERGENTE POLVO;TODO BRILLO 3.5 KILOS;ORIGINAL CON TOQUE SUAVIZANTE;3,5 Kg;;;;;
;LIMPIEZA;DETERGENTE POLVO;TODO BRILLO 5 KILOS;ORIGINAL CON TOQUE SUAVIZANTE;5 Kg;;;;;
7774900000000;LIMPIEZA;DETERGENTE POLVO;TODO BRILLO LAVADORA 5 KILOS;TOQUE SUAVIZANTE PARA MAQUINA;5 Kg;;1;;;
7774900000000;LIMPIEZA;DETERGENTE POLVO;TODO BRILLO LAVADORA 10 KILOS;TOQUE SUAVIZANTE PARA MAQUINA;10 Kg;;1;;;
;LIMPIEZA;DETERGENTE POLVO;;;;;1;;;
7750240000000;LIMPIEZA;JABON;BOLIVAR VERDE;JABON DE LAVAR LIMON;190 g;;1;;;
7750240000000;LIMPIEZA;JABON;BOLIVAR AZUL;JABON DE LAVAR FLORAL;190 g;;1;;;
